[
{
  "model": "recipes.ingredient",
  "pk": 228,
  "fields": {
    "name": "Tomato"
  }
},
{
  "model": "recipes.ingredient",
  "pk": 229,
  "fields": {
    "name": "Vegetable Broth"
  }
},
{
  "model": "recipes.ingredient",
  "pk": 230,
  "fields": {
    "name": "Onion"
  }
},
{
  "model": "recipes.ingredient",
  "pk": 231,
  "fields": {
    "name": "Garlic"
  }
},
{
  "model": "recipes.ingredient",
  "pk": 232,
  "fields": {
    "name": "Shrimp"
  }
},
{
  "model": "recipes.ingredient",
  "pk": 233,
  "fields": {
    "name": "Spaghetti"
  }
},
{
  "model": "recipes.ingredient",
  "pk": 234,
  "fields": {
    "name": "Butter"
  }
},
{
  "model": "recipes.ingredient",
  "pk": 235,
  "fields": {
    "name": "Fresh Mozzarella"
  }
},
{
  "model": "recipes.ingredient",
  "pk": 236,
  "fields": {
    "name": "Basil"
  }
},
{
  "model": "recipes.ingredient",
  "pk": 237,
  "fields": {
    "name": "Olive Oil"
  }
},
{
  "model": "recipes.ingredient",
  "pk": 238,
  "fields": {
    "name": "Arborio Rice"
  }
},
{
  "model": "recipes.ingredient",
  "pk": 239,
  "fields": {
    "name": "Mushroom"
  }
},
{
  "model": "recipes.ingredient",
  "pk": 240,
  "fields": {
    "name": "Chicken Broth"
  }
},
{
  "model": "recipes.ingredient",
  "pk": 241,
  "fields": {
    "name": "Parmesan Cheese"
  }
},
{
  "model": "recipes.ingredient",
  "pk": 242,
  "fields": {
    "name": "Lasagna Noodles"
  }
},
{
  "model": "recipes.ingredient",
  "pk": 243,
  "fields": {
    "name": "Ground Beef"
  }
},
{
  "model": "recipes.ingredient",
  "pk": 244,
  "fields": {
    "name": "Ricotta Cheese"
  }
},
{
  "model": "recipes.ingredient",
  "pk": 245,
  "fields": {
    "name": "Marinara Sauce"
  }
},
{
  "model": "recipes.ingredient",
  "pk": 246,
  "fields": {
    "name": "Chicken Breast"
  }
},
{
  "model": "recipes.ingredient",
  "pk": 247,
  "fields": {
    "name": "Lemon"
  }
},
{
  "model": "recipes.ingredient",
  "pk": 248,
  "fields": {
    "name": "Rosemary"
  }
},
{
  "model": "recipes.ingredient",
  "pk": 249,
  "fields": {
    "name": "Thyme"
  }
},
{
  "model": "recipes.ingredient",
  "pk": 250,
  "fields": {
    "name": "Avocado"
  }
},
{
  "model": "recipes.ingredient",
  "pk": 251,
  "fields": {
    "name": "Bread"
  }
},
{
  "model": "recipes.ingredient",
  "pk": 252,
  "fields": {
    "name": "Red Pepper Flakes"
  }
},
{
  "model": "recipes.ingredient",
  "pk": 253,
  "fields": {
    "name": "Flour"
  }
},
{
  "model": "recipes.ingredient",
  "pk": 254,
  "fields": {
    "name": "Sugar"
  }
},
{
  "model": "recipes.ingredient",
  "pk": 255,
  "fields": {
    "name": "Baking Powder"
  }
},
{
  "model": "recipes.ingredient",
  "pk": 256,
  "fields": {
    "name": "Milk"
  }
},
{
  "model": "recipes.ingredient",
  "pk": 257,
  "fields": {
    "name": "Egg"
  }
},
{
  "model": "recipes.ingredient",
  "pk": 258,
  "fields": {
    "name": "Cheddar Cheese"
  }
},
{
  "model": "recipes.ingredient",
  "pk": 259,
  "fields": {
    "name": "Burger Buns"
  }
},
{
  "model": "recipes.ingredient",
  "pk": 260,
  "fields": {
    "name": "Lettuce"
  }
},
{
  "model": "recipes.ingredient",
  "pk": 261,
  "fields": {
    "name": "Macaroni"
  }
},
{
  "model": "recipes.ingredient",
  "pk": 262,
  "fields": {
    "name": "Beef Sirloin"
  }
},
{
  "model": "recipes.ingredient",
  "pk": 263,
  "fields": {
    "name": "Broccoli"
  }
},
{
  "model": "recipes.ingredient",
  "pk": 264,
  "fields": {
    "name": "Soy Sauce"
  }
},
{
  "model": "recipes.ingredient",
  "pk": 265,
  "fields": {
    "name": "Ginger"
  }
},
{
  "model": "recipes.ingredient",
  "pk": 266,
  "fields": {
    "name": "Rice Noodles"
  }
},
{
  "model": "recipes.ingredient",
  "pk": 267,
  "fields": {
    "name": "Bean Sprouts"
  }
},
{
  "model": "recipes.ingredient",
  "pk": 268,
  "fields": {
    "name": "Peanuts"
  }
},
{
  "model": "recipes.ingredient",
  "pk": 269,
  "fields": {
    "name": "Sushi Rice"
  }
},
{
  "model": "recipes.ingredient",
  "pk": 270,
  "fields": {
    "name": "Tuna"
  }
},
{
  "model": "recipes.ingredient",
  "pk": 271,
  "fields": {
    "name": "Nori"
  }
},
{
  "model": "recipes.ingredient",
  "pk": 272,
  "fields": {
    "name": "Sriracha"
  }
},
{
  "model": "recipes.ingredient",
  "pk": 273,
  "fields": {
    "name": "Pie Crust"
  }
},
{
  "model": "recipes.ingredient",
  "pk": 274,
  "fields": {
    "name": "Spinach"
  }
},
{
  "model": "recipes.ingredient",
  "pk": 275,
  "fields": {
    "name": "Beef Broth"
  }
},
{
  "model": "recipes.ingredient",
  "pk": 276,
  "fields": {
    "name": "Baguette"
  }
},
{
  "model": "recipes.ingredient",
  "pk": 277,
  "fields": {
    "name": "Gruyere Cheese"
  }
},
{
  "model": "recipes.ingredient",
  "pk": 278,
  "fields": {
    "name": "Corn Tortillas"
  }
},
{
  "model": "recipes.ingredient",
  "pk": 279,
  "fields": {
    "name": "Salsa"
  }
},
{
  "model": "recipes.ingredient",
  "pk": 280,
  "fields": {
    "name": "Cilantro"
  }
},
{
  "model": "recipes.ingredient",
  "pk": 281,
  "fields": {
    "name": "Lime"
  }
},
{
  "model": "recipes.ingredient",
  "pk": 282,
  "fields": {
    "name": "Yogurt"
  }
},
{
  "model": "recipes.ingredient",
  "pk": 283,
  "fields": {
    "name": "Tomato Sauce"
  }
},
{
  "model": "recipes.ingredient",
  "pk": 284,
  "fields": {
    "name": "Garam Masala"
  }
},
{
  "model": "recipes.ingredient",
  "pk": 285,
  "fields": {
    "name": "Paneer"
  }
},
{
  "model": "recipes.ingredient",
  "pk": 286,
  "fields": {
    "name": "Heavy Cream"
  }
},
{
  "model": "recipes.ingredient",
  "pk": 287,
  "fields": {
    "name": "Brown Sugar"
  }
},
{
  "model": "recipes.ingredient",
  "pk": 288,
  "fields": {
    "name": "Chocolate Chips"
  }
},
{
  "model": "recipes.ingredient",
  "pk": 289,
  "fields": {
    "name": "Apple"
  }
},
{
  "model": "recipes.ingredient",
  "pk": 290,
  "fields": {
    "name": "Cinnamon"
  }
},
{
  "model": "recipes.recipe",
  "pk": 109,
  "fields": {
    "name": "Classic Tomato Soup",
    "description": "A creamy and comforting tomato soup, perfect with a grilled cheese sandwich.",
    "cook_time_minutes": 30,
    "pic": "recipes/classic_tomato_soup_NgA10rJ.webp",
    "created_at": "2025-10-15T22:27:07.849Z",
    "difficulty": "Medium"
  }
},
{
  "model": "recipes.recipe",
  "pk": 110,
  "fields": {
    "name": "Garlic Butter Shrimp Pasta",
    "description": "A quick and delicious pasta dish with succulent shrimp in a rich garlic butter sauce.",
    "cook_time_minutes": 20,
    "pic": "recipes/garlic_butter_shrimp_pasta_ntCDnjF.webp",
    "created_at": "2025-10-15T22:27:08.712Z",
    "difficulty": "Medium"
  }
},
{
  "model": "recipes.recipe",
  "pk": 111,
  "fields": {
    "name": "Caprese Salad",
    "description": "A simple Italian salad of fresh mozzarella, tomatoes, and sweet basil.",
    "cook_time_minutes": 10,
    "pic": "recipes/caprese_salad_wptTf8G.png",
    "created_at": "2025-10-15T22:27:09.596Z",
    "difficulty": "Medium"
  }
},
{
  "model": "recipes.recipe",
  "pk": 112,
  "fields": {
    "name": "Mushroom Risotto",
    "description": "A creamy, rich Italian rice dish cooked with broth until it reaches a perfect consistency.",
    "cook_time_minutes": 45,
    "pic": "recipes/mushroom_risotto_9m8aaES.webp",
    "created_at": "2025-10-15T22:27:10.975Z",
    "difficulty": "Medium"
  }
},
{
  "model": "recipes.recipe",
  "pk": 113,
  "fields": {
    "name": "Classic Lasagna",
    "description": "Layers of pasta, rich meat sauce, and creamy béchamel, baked to perfection.",
    "cook_time_minutes": 90,
    "pic": "recipes/classic_lasagna_nKhNuvI.png",
    "created_at": "2025-10-15T22:27:11.950Z",
    "difficulty": "Medium"
  }
},
{
  "model": "recipes.recipe",
  "pk": 114,
  "fields": {
    "name": "Simple Lemon Herb Chicken",
    "description": "Juicy roasted chicken seasoned with lemon, rosemary, and thyme.",
    "cook_time_minutes": 50,
    "pic": "recipes/simple_lemon_herb_chicken_EfIjSDc.webp",
    "created_at": "2025-10-15T22:27:13.438Z",
    "difficulty": "Medium"
  }
},
{
  "model": "recipes.recipe",
  "pk": 115,
  "fields": {
    "name": "Avocado Toast",
    "description": "A healthy and popular open-faced sandwich with mashed avocado and seasonings.",
    "cook_time_minutes": 5,
    "pic": "recipes/avocado_toast_IDeix2I.png",
    "created_at": "2025-10-15T22:27:14.396Z",
    "difficulty": "Medium"
  }
},
{
  "model": "recipes.recipe",
  "pk": 116,
  "fields": {
    "name": "Fluffy Pancakes",
    "description": "Classic American-style pancakes perfect for a weekend breakfast.",
    "cook_time_minutes": 15,
    "pic": "recipes/fluffy_pancakes_z4FSX20.png",
    "created_at": "2025-10-15T22:27:17.027Z",
    "difficulty": "Medium"
  }
},
{
  "model": "recipes.recipe",
  "pk": 117,
  "fields": {
    "name": "Classic Cheeseburger",
    "description": "A juicy beef patty with melted cheese, lettuce, tomato, and onion in a sesame seed bun.",
    "cook_time_minutes": 20,
    "pic": "recipes/classic_cheeseburger_4agYOLS.png",
    "created_at": "2025-10-15T22:27:18.449Z",
    "difficulty": "Medium"
  }
},
{
  "model": "recipes.recipe",
  "pk": 118,
  "fields": {
    "name": "Macaroni and Cheese",
    "description": "Creamy, cheesy, and comforting baked macaroni and cheese.",
    "cook_time_minutes": 40,
    "pic": "recipes/macaroni_and_cheese_6XbWou0.webp",
    "created_at": "2025-10-15T22:27:19.658Z",
    "difficulty": "Medium"
  }
},
{
  "model": "recipes.recipe",
  "pk": 119,
  "fields": {
    "name": "Beef and Broccoli",
    "description": "A classic Chinese-American stir-fry with tender beef and crisp broccoli.",
    "cook_time_minutes": 25,
    "pic": "recipes/beef_and_broccoli_Rk4vMkr.webp",
    "created_at": "2025-10-15T22:27:20.583Z",
    "difficulty": "Medium"
  }
},
{
  "model": "recipes.recipe",
  "pk": 120,
  "fields": {
    "name": "Chicken Pad Thai",
    "description": "A popular Thai street food dish with stir-fried rice noodles, chicken, peanuts, and lime.",
    "cook_time_minutes": 30,
    "pic": "recipes/chicken_pad_thai_JAA1bIw.png",
    "created_at": "2025-10-15T22:27:21.461Z",
    "difficulty": "Medium"
  }
},
{
  "model": "recipes.recipe",
  "pk": 121,
  "fields": {
    "name": "Spicy Tuna Rolls",
    "description": "A popular type of sushi that consists of spicy tuna, sushi rice, and nori.",
    "cook_time_minutes": 40,
    "pic": "recipes/spicy_tuna_rolls_JaUaazn.webp",
    "created_at": "2025-10-15T22:27:22.675Z",
    "difficulty": "Medium"
  }
},
{
  "model": "recipes.recipe",
  "pk": 122,
  "fields": {
    "name": "Vegetable Quiche",
    "description": "A savory egg custard tart with fresh vegetables and cheese in a flaky crust.",
    "cook_time_minutes": 60,
    "pic": "recipes/vegetable_quiche_Czuu21Q.webp",
    "created_at": "2025-10-15T22:27:23.504Z",
    "difficulty": "Medium"
  }
},
{
  "model": "recipes.recipe",
  "pk": 123,
  "fields": {
    "name": "French Onion Soup",
    "description": "A rich and savory soup made with caramelized onions and beef broth, topped with melted cheese.",
    "cook_time_minutes": 75,
    "pic": "recipes/french_onion_soup_ERaPw8Q.webp",
    "created_at": "2025-10-15T22:27:24.297Z",
    "difficulty": "Medium"
  }
},
{
  "model": "recipes.recipe",
  "pk": 124,
  "fields": {
    "name": "Chicken Tacos",
    "description": "Classic Mexican tacos with seasoned chicken, salsa, and fresh toppings.",
    "cook_time_minutes": 25,
    "pic": "recipes/chicken_tacos_N3wzDzu.png",
    "created_at": "2025-10-15T22:27:25.110Z",
    "difficulty": "Medium"
  }
},
{
  "model": "recipes.recipe",
  "pk": 125,
  "fields": {
    "name": "Guacamole",
    "description": "A simple and delicious dip made from mashed avocados, onion, cilantro, and lime.",
    "cook_time_minutes": 10,
    "pic": "recipes/guacamole_0CDVVk2.png",
    "created_at": "2025-10-15T22:27:26.595Z",
    "difficulty": "Medium"
  }
},
{
  "model": "recipes.recipe",
  "pk": 126,
  "fields": {
    "name": "Chicken Tikka Masala",
    "description": "A creamy and flavorful curry with roasted marinated chicken chunks.",
    "cook_time_minutes": 50,
    "pic": "recipes/chicken_tikka_masala_C7CZ4Vd.webp",
    "created_at": "2025-10-15T22:27:27.756Z",
    "difficulty": "Medium"
  }
},
{
  "model": "recipes.recipe",
  "pk": 127,
  "fields": {
    "name": "Palak Paneer",
    "description": "A vegetarian dish consisting of paneer in a thick paste made from puréed spinach.",
    "cook_time_minutes": 35,
    "pic": "recipes/palak_paneer_7sKSYFm.webp",
    "created_at": "2025-10-15T22:27:28.905Z",
    "difficulty": "Medium"
  }
},
{
  "model": "recipes.recipe",
  "pk": 128,
  "fields": {
    "name": "Chocolate Chip Cookies",
    "description": "The perfect classic cookie: soft and chewy on the inside, crispy on the outside.",
    "cook_time_minutes": 20,
    "pic": "recipes/chocolate_chip_cookies_ro1Ox6Z.webp",
    "created_at": "2025-10-15T22:27:29.757Z",
    "difficulty": "Medium"
  }
},
{
  "model": "recipes.recipe",
  "pk": 129,
  "fields": {
    "name": "Apple Pie",
    "description": "A classic American dessert with a flaky crust and a sweet, spiced apple filling.",
    "cook_time_minutes": 70,
    "pic": "recipes/apple_pie_mSNqEJL.webp",
    "created_at": "2025-10-15T22:27:30.612Z",
    "difficulty": "Medium"
  }
},
{
  "model": "recipes.recipeingredient",
  "pk": 286,
  "fields": {
    "recipe": 109,
    "ingredient": 228,
    "quantity": 8.0,
    "unit": "medium"
  }
},
{
  "model": "recipes.recipeingredient",
  "pk": 287,
  "fields": {
    "recipe": 109,
    "ingredient": 229,
    "quantity": 4.0,
    "unit": "cups"
  }
},
{
  "model": "recipes.recipeingredient",
  "pk": 288,
  "fields": {
    "recipe": 109,
    "ingredient": 230,
    "quantity": 1.0,
    "unit": "large"
  }
},
{
  "model": "recipes.recipeingredient",
  "pk": 289,
  "fields": {
    "recipe": 109,
    "ingredient": 231,
    "quantity": 2.0,
    "unit": "cloves"
  }
},
{
  "model": "recipes.recipeingredient",
  "pk": 290,
  "fields": {
    "recipe": 110,
    "ingredient": 232,
    "quantity": 1.0,
    "unit": "lb"
  }
},
{
  "model": "recipes.recipeingredient",
  "pk": 291,
  "fields": {
    "recipe": 110,
    "ingredient": 233,
    "quantity": 8.0,
    "unit": "oz"
  }
},
{
  "model": "recipes.recipeingredient",
  "pk": 292,
  "fields": {
    "recipe": 110,
    "ingredient": 234,
    "quantity": 4.0,
    "unit": "tbsp"
  }
},
{
  "model": "recipes.recipeingredient",
  "pk": 293,
  "fields": {
    "recipe": 110,
    "ingredient": 231,
    "quantity": 4.0,
    "unit": "cloves"
  }
},
{
  "model": "recipes.recipeingredient",
  "pk": 294,
  "fields": {
    "recipe": 111,
    "ingredient": 228,
    "quantity": 3.0,
    "unit": "large"
  }
},
{
  "model": "recipes.recipeingredient",
  "pk": 295,
  "fields": {
    "recipe": 111,
    "ingredient": 235,
    "quantity": 8.0,
    "unit": "oz"
  }
},
{
  "model": "recipes.recipeingredient",
  "pk": 296,
  "fields": {
    "recipe": 111,
    "ingredient": 236,
    "quantity": 1.0,
    "unit": "bunch"
  }
},
{
  "model": "recipes.recipeingredient",
  "pk": 297,
  "fields": {
    "recipe": 111,
    "ingredient": 237,
    "quantity": 2.0,
    "unit": "tbsp"
  }
},
{
  "model": "recipes.recipeingredient",
  "pk": 298,
  "fields": {
    "recipe": 112,
    "ingredient": 238,
    "quantity": 1.5,
    "unit": "cups"
  }
},
{
  "model": "recipes.recipeingredient",
  "pk": 299,
  "fields": {
    "recipe": 112,
    "ingredient": 239,
    "quantity": 1.0,
    "unit": "lb"
  }
},
{
  "model": "recipes.recipeingredient",
  "pk": 300,
  "fields": {
    "recipe": 112,
    "ingredient": 240,
    "quantity": 6.0,
    "unit": "cups"
  }
},
{
  "model": "recipes.recipeingredient",
  "pk": 301,
  "fields": {
    "recipe": 112,
    "ingredient": 241,
    "quantity": 1.0,
    "unit": "cup"
  }
},
{
  "model": "recipes.recipeingredient",
  "pk": 302,
  "fields": {
    "recipe": 113,
    "ingredient": 242,
    "quantity": 1.0,
    "unit": "box"
  }
},
{
  "model": "recipes.recipeingredient",
  "pk": 303,
  "fields": {
    "recipe": 113,
    "ingredient": 243,
    "quantity": 1.0,
    "unit": "lb"
  }
},
{
  "model": "recipes.recipeingredient",
  "pk": 304,
  "fields": {
    "recipe": 113,
    "ingredient": 244,
    "quantity": 15.0,
    "unit": "oz"
  }
},
{
  "model": "recipes.recipeingredient",
  "pk": 305,
  "fields": {
    "recipe": 113,
    "ingredient": 245,
    "quantity": 24.0,
    "unit": "oz"
  }
},
{
  "model": "recipes.recipeingredient",
  "pk": 306,
  "fields": {
    "recipe": 114,
    "ingredient": 246,
    "quantity": 4.0,
    "unit": ""
  }
},
{
  "model": "recipes.recipeingredient",
  "pk": 307,
  "fields": {
    "recipe": 114,
    "ingredient": 247,
    "quantity": 1.0,
    "unit": ""
  }
},
{
  "model": "recipes.recipeingredient",
  "pk": 308,
  "fields": {
    "recipe": 114,
    "ingredient": 248,
    "quantity": 2.0,
    "unit": "sprigs"
  }
},
{
  "model": "recipes.recipeingredient",
  "pk": 309,
  "fields": {
    "recipe": 114,
    "ingredient": 249,
    "quantity": 4.0,
    "unit": "sprigs"
  }
},
{
  "model": "recipes.recipeingredient",
  "pk": 310,
  "fields": {
    "recipe": 115,
    "ingredient": 250,
    "quantity": 1.0,
    "unit": ""
  }
},
{
  "model": "recipes.recipeingredient",
  "pk": 311,
  "fields": {
    "recipe": 115,
    "ingredient": 251,
    "quantity": 2.0,
    "unit": "slices"
  }
},
{
  "model": "recipes.recipeingredient",
  "pk": 312,
  "fields": {
    "recipe": 115,
    "ingredient": 252,
    "quantity": 1.0,
    "unit": "pinch"
  }
},
{
  "model": "recipes.recipeingredient",
  "pk": 313,
  "fields": {
    "recipe": 116,
    "ingredient": 253,
    "quantity": 1.5,
    "unit": "cups"
  }
},
{
  "model": "recipes.recipeingredient",
  "pk": 314,
  "fields": {
    "recipe": 116,
    "ingredient": 254,
    "quantity": 2.0,
    "unit": "tbsp"
  }
},
{
  "model": "recipes.recipeingredient",
  "pk": 315,
  "fields": {
    "recipe": 116,
    "ingredient": 255,
    "quantity": 2.0,
    "unit": "tsp"
  }
},
{
  "model": "recipes.recipeingredient",
  "pk": 316,
  "fields": {
    "recipe": 116,
    "ingredient": 256,
    "quantity": 1.25,
    "unit": "cups"
  }
},
{
  "model": "recipes.recipeingredient",
  "pk": 317,
  "fields": {
    "recipe": 116,
    "ingredient": 257,
    "quantity": 1.0,
    "unit": ""
  }
},
{
  "model": "recipes.recipeingredient",
  "pk": 318,
  "fields": {
    "recipe": 117,
    "ingredient": 243,
    "quantity": 1.0,
    "unit": "lb"
  }
},
{
  "model": "recipes.recipeingredient",
  "pk": 319,
  "fields": {
    "recipe": 117,
    "ingredient": 258,
    "quantity": 4.0,
    "unit": "slices"
  }
},
{
  "model": "recipes.recipeingredient",
  "pk": 320,
  "fields": {
    "recipe": 117,
    "ingredient": 259,
    "quantity": 4.0,
    "unit": ""
  }
},
{
  "model": "recipes.recipeingredient",
  "pk": 321,
  "fields": {
    "recipe": 117,
    "ingredient": 260,
    "quantity": 4.0,
    "unit": "leaves"
  }
},
{
  "model": "recipes.recipeingredient",
  "pk": 322,
  "fields": {
    "recipe": 118,
    "ingredient": 261,
    "quantity": 8.0,
    "unit": "oz"
  }
},
{
  "model": "recipes.recipeingredient",
  "pk": 323,
  "fields": {
    "recipe": 118,
    "ingredient": 258,
    "quantity": 2.0,
    "unit": "cups"
  }
},
{
  "model": "recipes.recipeingredient",
  "pk": 324,
  "fields": {
    "recipe": 118,
    "ingredient": 256,
    "quantity": 2.0,
    "unit": "cups"
  }
},
{
  "model": "recipes.recipeingredient",
  "pk": 325,
  "fields": {
    "recipe": 118,
    "ingredient": 234,
    "quantity": 0.25,
    "unit": "cup"
  }
},
{
  "model": "recipes.recipeingredient",
  "pk": 326,
  "fields": {
    "recipe": 119,
    "ingredient": 262,
    "quantity": 1.0,
    "unit": "lb"
  }
},
{
  "model": "recipes.recipeingredient",
  "pk": 327,
  "fields": {
    "recipe": 119,
    "ingredient": 263,
    "quantity": 1.0,
    "unit": "head"
  }
},
{
  "model": "recipes.recipeingredient",
  "pk": 328,
  "fields": {
    "recipe": 119,
    "ingredient": 264,
    "quantity": 0.25,
    "unit": "cup"
  }
},
{
  "model": "recipes.recipeingredient",
  "pk": 329,
  "fields": {
    "recipe": 119,
    "ingredient": 265,
    "quantity": 1.0,
    "unit": "tbsp"
  }
},
{
  "model": "recipes.recipeingredient",
  "pk": 330,
  "fields": {
    "recipe": 120,
    "ingredient": 266,
    "quantity": 8.0,
    "unit": "oz"
  }
},
{
  "model": "recipes.recipeingredient",
  "pk": 331,
  "fields": {
    "recipe": 120,
    "ingredient": 246,
    "quantity": 0.5,
    "unit": "lb"
  }
},
{
  "model": "recipes.recipeingredient",
  "pk": 332,
  "fields": {
    "recipe": 120,
    "ingredient": 267,
    "quantity": 1.0,
    "unit": "cup"
  }
},
{
  "model": "recipes.recipeingredient",
  "pk": 333,
  "fields": {
    "recipe": 120,
    "ingredient": 268,
    "quantity": 0.25,
    "unit": "cup"
  }
},
{
  "model": "recipes.recipeingredient",
  "pk": 334,
  "fields": {
    "recipe": 121,
    "ingredient": 269,
    "quantity": 2.0,
    "unit": "cups"
  }
},
{
  "model": "recipes.recipeingredient",
  "pk": 335,
  "fields": {
    "recipe": 121,
    "ingredient": 270,
    "quantity": 8.0,
    "unit": "oz"
  }
},
{
  "model": "recipes.recipeingredient",
  "pk": 336,
  "fields": {
    "recipe": 121,
    "ingredient": 271,
    "quantity": 4.0,
    "unit": "sheets"
  }
},
{
  "model": "recipes.recipeingredient",
  "pk": 337,
  "fields": {
    "recipe": 121,
    "ingredient": 272,
    "quantity": 1.0,
    "unit": "tbsp"
  }
},
{
  "model": "recipes.recipeingredient",
  "pk": 338,
  "fields": {
    "recipe": 122,
    "ingredient": 273,
    "quantity": 1.0,
    "unit": ""
  }
},
{
  "model": "recipes.recipeingredient",
  "pk": 339,
  "fields": {
    "recipe": 122,
    "ingredient": 257,
    "quantity": 3.0,
    "unit": ""
  }
},
{
  "model": "recipes.recipeingredient",
  "pk": 340,
  "fields": {
    "recipe": 122,
    "ingredient": 256,
    "quantity": 1.5,
    "unit": "cups"
  }
},
{
  "model": "recipes.recipeingredient",
  "pk": 341,
  "fields": {
    "recipe": 122,
    "ingredient": 274,
    "quantity": 1.0,
    "unit": "cup"
  }
},
{
  "model": "recipes.recipeingredient",
  "pk": 342,
  "fields": {
    "recipe": 122,
    "ingredient": 239,
    "quantity": 0.5,
    "unit": "cup"
  }
},
{
  "model": "recipes.recipeingredient",
  "pk": 343,
  "fields": {
    "recipe": 123,
    "ingredient": 230,
    "quantity": 4.0,
    "unit": "large"
  }
},
{
  "model": "recipes.recipeingredient",
  "pk": 344,
  "fields": {
    "recipe": 123,
    "ingredient": 275,
    "quantity": 6.0,
    "unit": "cups"
  }
},
{
  "model": "recipes.recipeingredient",
  "pk": 345,
  "fields": {
    "recipe": 123,
    "ingredient": 276,
    "quantity": 1.0,
    "unit": ""
  }
},
{
  "model": "recipes.recipeingredient",
  "pk": 346,
  "fields": {
    "recipe": 123,
    "ingredient": 277,
    "quantity": 1.0,
    "unit": "cup"
  }
},
{
  "model": "recipes.recipeingredient",
  "pk": 347,
  "fields": {
    "recipe": 124,
    "ingredient": 246,
    "quantity": 1.0,
    "unit": "lb"
  }
},
{
  "model": "recipes.recipeingredient",
  "pk": 348,
  "fields": {
    "recipe": 124,
    "ingredient": 278,
    "quantity": 8.0,
    "unit": ""
  }
},
{
  "model": "recipes.recipeingredient",
  "pk": 349,
  "fields": {
    "recipe": 124,
    "ingredient": 279,
    "quantity": 1.0,
    "unit": "cup"
  }
},
{
  "model": "recipes.recipeingredient",
  "pk": 350,
  "fields": {
    "recipe": 124,
    "ingredient": 280,
    "quantity": 0.5,
    "unit": "cup"
  }
},
{
  "model": "recipes.recipeingredient",
  "pk": 351,
  "fields": {
    "recipe": 125,
    "ingredient": 250,
    "quantity": 3.0,
    "unit": ""
  }
},
{
  "model": "recipes.recipeingredient",
  "pk": 352,
  "fields": {
    "recipe": 125,
    "ingredient": 230,
    "quantity": 0.5,
    "unit": "small"
  }
},
{
  "model": "recipes.recipeingredient",
  "pk": 353,
  "fields": {
    "recipe": 125,
    "ingredient": 280,
    "quantity": 0.25,
    "unit": "cup"
  }
},
{
  "model": "recipes.recipeingredient",
  "pk": 354,
  "fields": {
    "recipe": 125,
    "ingredient": 281,
    "quantity": 1.0,
    "unit": ""
  }
},
{
  "model": "recipes.recipeingredient",
  "pk": 355,
  "fields": {
    "recipe": 126,
    "ingredient": 246,
    "quantity": 1.5,
    "unit": "lb"
  }
},
{
  "model": "recipes.recipeingredient",
  "pk": 356,
  "fields": {
    "recipe": 126,
    "ingredient": 282,
    "quantity": 1.0,
    "unit": "cup"
  }
},
{
  "model": "recipes.recipeingredient",
  "pk": 357,
  "fields": {
    "recipe": 126,
    "ingredient": 283,
    "quantity": 15.0,
    "unit": "oz"
  }
},
{
  "model": "recipes.recipeingredient",
  "pk": 358,
  "fields": {
    "recipe": 126,
    "ingredient": 284,
    "quantity": 2.0,
    "unit": "tsp"
  }
},
{
  "model": "recipes.recipeingredient",
  "pk": 359,
  "fields": {
    "recipe": 127,
    "ingredient": 285,
    "quantity": 14.0,
    "unit": "oz"
  }
},
{
  "model": "recipes.recipeingredient",
  "pk": 360,
  "fields": {
    "recipe": 127,
    "ingredient": 274,
    "quantity": 1.0,
    "unit": "lb"
  }
},
{
  "model": "recipes.recipeingredient",
  "pk": 361,
  "fields": {
    "recipe": 127,
    "ingredient": 230,
    "quantity": 1.0,
    "unit": "large"
  }
},
{
  "model": "recipes.recipeingredient",
  "pk": 362,
  "fields": {
    "recipe": 127,
    "ingredient": 286,
    "quantity": 0.5,
    "unit": "cup"
  }
},
{
  "model": "recipes.recipeingredient",
  "pk": 363,
  "fields": {
    "recipe": 128,
    "ingredient": 253,
    "quantity": 2.25,
    "unit": "cups"
  }
},
{
  "model": "recipes.recipeingredient",
  "pk": 364,
  "fields": {
    "recipe": 128,
    "ingredient": 234,
    "quantity": 1.0,
    "unit": "cup"
  }
},
{
  "model": "recipes.recipeingredient",
  "pk": 365,
  "fields": {
    "recipe": 128,
    "ingredient": 287,
    "quantity": 0.75,
    "unit": "cup"
  }
},
{
  "model": "recipes.recipeingredient",
  "pk": 366,
  "fields": {
    "recipe": 128,
    "ingredient": 288,
    "quantity": 2.0,
    "unit": "cups"
  }
},
{
  "model": "recipes.recipeingredient",
  "pk": 367,
  "fields": {
    "recipe": 129,
    "ingredient": 289,
    "quantity": 6.0,
    "unit": ""
  }
},
{
  "model": "recipes.recipeingredient",
  "pk": 368,
  "fields": {
    "recipe": 129,
    "ingredient": 273,
    "quantity": 2.0,
    "unit": ""
  }
},
{
  "model": "recipes.recipeingredient",
  "pk": 369,
  "fields": {
    "recipe": 129,
    "ingredient": 290,
    "quantity": 1.0,
    "unit": "tsp"
  }
},
{
  "model": "recipes.recipeingredient",
  "pk": 370,
  "fields": {
    "recipe": 129,
    "ingredient": 254,
    "quantity": 0.75,
    "unit": "cup"
  }
}
]
